alpha,expectedWelfare,expectedPayment,expectedRevenue,ros
0.500000,0.039062,0.017361,0.021701,2.250000
0.505000,0.042299,0.018988,0.023311,2.227723
0.510000,0.045768,0.020748,0.025020,2.205882
0.515000,0.049483,0.022652,0.026831,2.184466
0.520000,0.053460,0.024710,0.028749,2.163462
0.525000,0.057713,0.026933,0.030780,2.142857
0.530000,0.062260,0.029331,0.032928,2.122642
0.535000,0.067117,0.031918,0.035199,2.102804
0.540000,0.072302,0.034705,0.037597,2.083333
0.545000,0.077834,0.037706,0.040128,2.064220
0.550000,0.083734,0.040937,0.042797,2.045455
0.555000,0.090021,0.044410,0.045611,2.027027
0.560000,0.096717,0.048144,0.048574,2.008929
0.565000,0.103845,0.052154,0.051692,1.991150
0.570000,0.111429,0.056457,0.054972,1.973684
0.575000,0.119493,0.061074,0.058419,1.956522
0.580000,0.128063,0.066024,0.062039,1.939655
0.585000,0.137166,0.071326,0.065840,1.923077
0.590000,0.146830,0.077004,0.069826,1.906780
0.595000,0.157085,0.083081,0.074005,1.890756
0.600000,0.167962,0.089580,0.078382,1.875000
0.605000,0.179491,0.096526,0.082965,1.859504
0.610000,0.191707,0.103948,0.087759,1.844262
0.615000,0.204645,0.111873,0.092772,1.829268
0.620000,0.218340,0.120330,0.098010,1.814516
0.625000,0.232831,0.129350,0.103480,1.800000
0.630000,0.248156,0.138967,0.109189,1.785714
0.635000,0.264356,0.149214,0.115142,1.771654
0.640000,0.281475,0.160128,0.121347,1.757812
0.645000,0.299556,0.171745,0.127810,1.744186
0.650000,0.318645,0.184106,0.134539,1.730769
0.655000,0.338790,0.197251,0.141539,1.717557
0.660000,0.360041,0.211224,0.148817,1.704545
0.665000,0.382449,0.226070,0.156379,1.691729
0.670000,0.406068,0.241836,0.164232,1.679104
0.675000,0.430953,0.258572,0.172381,1.666667
0.680000,0.457163,0.276330,0.180833,1.654412
0.685000,0.484758,0.295163,0.189594,1.642336
0.690000,0.513798,0.315130,0.198669,1.630435
0.695000,0.544350,0.336287,0.208063,1.618705
0.700000,0.576480,0.358699,0.217781,1.607143
0.705000,0.610257,0.382428,0.227829,1.595745
0.710000,0.645754,0.407542,0.238211,1.584507
0.715000,0.683043,0.434112,0.248931,1.573427
0.720000,0.722204,0.462211,0.259993,1.562500
0.725000,0.763315,0.491914,0.271401,1.551724
0.730000,0.806460,0.523303,0.283157,1.541096
0.735000,0.851724,0.556459,0.295264,1.530612
0.740000,0.899195,0.591470,0.307724,1.520270
0.745000,0.948965,0.628426,0.320539,1.510067
0.750000,1.001129,0.667419,0.333710,1.500000
0.755000,1.055785,0.708549,0.347236,1.490066
0.760000,1.113035,0.751917,0.361118,1.480263
0.765000,1.172982,0.797628,0.375354,1.470588
0.770000,1.235736,0.845793,0.389943,1.461039
0.775000,1.301408,0.896526,0.404883,1.451613
0.780000,1.370114,0.949946,0.420168,1.442308
0.785000,1.441973,1.006177,0.435796,1.433121
0.790000,1.517109,1.065348,0.451761,1.424051
0.795000,1.595648,1.127591,0.468057,1.415094
0.800000,1.677722,1.193046,0.484675,1.406250
0.805000,1.763466,1.261858,0.501608,1.397516
0.810000,1.853020,1.334175,0.518846,1.388889
0.815000,1.946529,1.410152,0.536377,1.380368
0.820000,2.044141,1.489952,0.554189,1.371951
0.825000,2.146009,1.573740,0.572269,1.363636
0.830000,2.252292,1.661691,0.590601,1.355422
0.835000,2.363153,1.753985,0.609168,1.347305
0.840000,2.478759,1.850807,0.627952,1.339286
0.845000,2.599284,1.952351,0.646933,1.331361
0.850000,2.724905,2.058817,0.666088,1.323529
0.855000,2.855807,2.170414,0.685394,1.315789
0.860000,2.992179,2.287355,0.704824,1.308140
0.865000,3.134216,2.409864,0.724352,1.300578
0.870000,3.282117,2.538170,0.743946,1.293103
0.875000,3.436089,2.672514,0.763575,1.285714
0.880000,3.596345,2.813141,0.783204,1.278409
0.885000,3.763104,2.960308,0.802795,1.271186
0.890000,3.936589,3.114279,0.822310,1.264045
0.895000,4.117032,3.275328,0.841704,1.256983
0.900000,4.304672,3.443738,0.860934,1.250000
0.905000,4.499753,3.619801,0.879952,1.243094
0.910000,4.702525,3.803820,0.898705,1.236264
0.915000,4.913249,3.996109,0.917140,1.229508
0.920000,5.132189,4.196990,0.935199,1.222826
0.925000,5.359618,4.406797,0.952821,1.216216
0.930000,5.595818,4.625876,0.969942,1.209677
0.935000,5.841076,4.854583,0.986493,1.203209
0.940000,6.095689,5.093287,1.002402,1.196809
0.945000,6.359961,5.342367,1.017594,1.190476
0.950000,6.634204,5.602217,1.031987,1.184211
0.955000,6.918739,5.873241,1.045498,1.178010
0.960000,7.213896,6.155858,1.058038,1.171875
0.965000,7.520012,6.450499,1.069513,1.165803
0.970000,7.837434,6.757609,1.079824,1.159794
0.975000,8.166518,7.077649,1.088869,1.153846
0.980000,8.507630,7.411091,1.096539,1.147959
0.985000,8.861145,7.758425,1.102720,1.142132
0.990000,9.227447,8.120153,1.107294,1.136364
0.995000,9.606930,8.496796,1.110134,1.130653
1.000000,10.000000,8.888889,1.111111,1.125000
1.005000,10.397020,9.286899,1.110121,1.119536
1.010000,10.788158,9.680968,1.107190,1.114368
1.015000,11.173530,10.071155,1.102375,1.109459
1.020000,11.553249,10.457516,1.095732,1.104779
1.025000,11.927424,10.840108,1.087316,1.100305
1.030000,12.296164,11.218986,1.077178,1.096014
1.035000,12.659572,11.594203,1.065369,1.091888
1.040000,13.017751,11.965812,1.051940,1.087912
1.045000,13.370802,12.333865,1.036937,1.084072
1.050000,13.718821,12.698413,1.020408,1.080357
1.055000,14.061903,13.059505,1.002398,1.076756
1.060000,14.400142,13.417191,0.982952,1.073261
1.065000,14.733629,13.771518,0.962111,1.069862
1.070000,15.062451,14.122534,0.939917,1.066554
1.075000,15.386696,14.470284,0.916411,1.063331
1.080000,15.706447,14.814815,0.891632,1.060185
1.085000,16.021789,15.156170,0.865619,1.057113
1.090000,16.332800,15.494393,0.838407,1.054110
1.095000,16.639561,15.829528,0.810033,1.051172
1.100000,16.942149,16.161616,0.780533,1.048295
1.105000,17.240638,16.490699,0.749939,1.045476
1.110000,17.535103,16.816817,0.718286,1.042712
1.115000,17.825615,17.140010,0.685605,1.040000
1.120000,18.112245,17.460317,0.651927,1.037338
1.125000,18.395062,17.777778,0.617284,1.034722
1.130000,18.674133,18.092429,0.581704,1.032152
1.135000,18.949524,18.404307,0.545216,1.029624
1.140000,19.221299,18.713450,0.507849,1.027138
1.145000,19.489522,19.019893,0.469628,1.024691
1.150000,19.754253,19.323671,0.430582,1.022283
1.155000,20.015554,19.624820,0.390735,1.019910
1.160000,20.273484,19.923372,0.350112,1.017573
1.165000,20.528100,20.219361,0.308739,1.015269
1.170000,20.779458,20.512821,0.266637,1.012999
1.175000,21.027614,20.803783,0.223832,1.010759
1.180000,21.272623,21.092279,0.180344,1.008550
1.185000,21.514536,21.378340,0.136196,1.006371
1.190000,21.753407,21.661998,0.091409,1.004220
1.195000,21.989286,21.943282,0.046004,1.002096
1.200000,22.222222,22.222222,0.000000,1.000000
1.205000,22.452265,22.498847,-0.046582,0.997930
1.210000,22.679462,22.773186,-0.093725,0.995884
1.215000,22.903860,23.045267,-0.141408,0.993864
1.220000,23.125504,23.315118,-0.189615,0.991867
1.225000,23.344440,23.582766,-0.238327,0.989894
1.230000,23.560711,23.848238,-0.287527,0.987943
1.235000,23.774361,24.111561,-0.337200,0.986015
1.240000,23.985432,24.372760,-0.387328,0.984108
1.245000,24.193965,24.631861,-0.437896,0.982222
1.250000,24.400000,24.888889,-0.488889,0.980357
1.255000,24.603578,25.143869,-0.540291,0.978512
1.260000,24.804737,25.396825,-0.592089,0.976687
1.265000,25.003515,25.647782,-0.644267,0.974880
1.270000,25.199950,25.896763,-0.696813,0.973093
1.275000,25.394079,26.143791,-0.749712,0.971324
1.280000,25.585937,26.388889,-0.802951,0.969572
1.285000,25.775561,26.632080,-0.856519,0.967839
1.290000,25.962983,26.873385,-0.910402,0.966123
1.295000,26.148239,27.112827,-0.964588,0.964423
1.300000,26.331361,27.350427,-1.019066,0.962740
1.305000,26.512382,27.586207,-1.073825,0.961074
1.310000,26.691335,27.820187,-1.128852,0.959423
1.315000,26.868250,28.052387,-1.184137,0.957788
1.320000,27.043159,28.282828,-1.239669,0.956169
1.325000,27.216091,28.511530,-1.295439,0.954564
1.330000,27.387077,28.738513,-1.351436,0.952975
1.335000,27.556145,28.963795,-1.407651,0.951400
1.340000,27.723324,29.187396,-1.464073,0.949839
1.345000,27.888642,29.409335,-1.520693,0.948292
1.350000,28.052126,29.629630,-1.577503,0.946759
1.355000,28.213804,29.848298,-1.634494,0.945240
1.360000,28.373702,30.065359,-1.691657,0.943734
1.365000,28.531847,30.280830,-1.748984,0.942241
1.370000,28.688263,30.494728,-1.806466,0.940761
1.375000,28.842975,30.707071,-1.864096,0.939294
1.380000,28.996009,30.917874,-1.921865,0.937840
1.385000,29.147389,31.127156,-1.979767,0.936397
1.390000,29.297138,31.334932,-2.037794,0.934967
1.395000,29.445279,31.541219,-2.095939,0.933549
1.400000,29.591837,31.746032,-2.154195,0.932143
1.405000,29.736832,31.949387,-2.212555,0.930748
1.410000,29.880288,32.151300,-2.271013,0.929365
1.415000,30.022225,32.351786,-2.329561,0.927993
1.420000,30.162666,32.550861,-2.388195,0.926632
1.425000,30.301631,32.748538,-2.446907,0.925282
1.430000,30.439141,32.944833,-2.505692,0.923943
1.435000,30.575216,33.139760,-2.564544,0.922614
1.440000,30.709877,33.333333,-2.623457,0.921296
1.445000,30.843141,33.525567,-2.682426,0.919989
1.450000,30.975030,33.716475,-2.741445,0.918691
1.455000,31.105561,33.906071,-2.800510,0.917404
1.460000,31.234753,34.094368,-2.859615,0.916126
1.465000,31.362625,34.281380,-2.918755,0.914859
1.470000,31.489194,34.467120,-2.977926,0.913601
1.475000,31.614479,34.651601,-3.037122,0.912353
1.480000,31.738495,34.834835,-3.096340,0.911114
1.485000,31.861261,35.016835,-3.155574,0.909884
1.490000,31.982794,35.197614,-3.214820,0.908664
1.495000,32.103108,35.377183,-3.274075,0.907452
1.500000,32.222222,35.555556,-3.333333,0.906250
1.505000,32.340151,35.732743,-3.392592,0.905056
1.510000,32.456910,35.908756,-3.451847,0.903872
1.515000,32.572515,36.083608,-3.511094,0.902696
1.520000,32.686981,36.257310,-3.570329,0.901528
1.525000,32.800322,36.429872,-3.629550,0.900369
1.530000,32.912555,36.601307,-3.688752,0.899218
1.535000,33.023693,36.771625,-3.747932,0.898075
1.540000,33.133749,36.940837,-3.807088,0.896941
1.545000,33.242739,37.108954,-3.866214,0.895815
1.550000,33.350676,37.275986,-3.925309,0.894696
1.555000,33.457574,37.441944,-3.984370,0.893585
1.560000,33.563445,37.606838,-4.043393,0.892483
1.565000,33.668303,37.770678,-4.102375,0.891387
1.570000,33.772161,37.933475,-4.161314,0.890300
1.575000,33.875031,38.095238,-4.220207,0.889220
1.580000,33.976927,38.255977,-4.279051,0.888147
1.585000,34.077859,38.415703,-4.337844,0.887082
1.590000,34.177841,38.574423,-4.396582,0.886023
1.595000,34.276884,38.732149,-4.455265,0.884972
1.600000,34.375000,38.888889,-4.513889,0.883929
1.605000,34.472200,39.044652,-4.572452,0.882892
1.610000,34.568497,39.199448,-4.630951,0.881862
1.615000,34.663900,39.353285,-4.689385,0.880839
1.620000,34.758421,39.506173,-4.747752,0.879823
1.625000,34.852071,39.658120,-4.806049,0.878813
1.630000,34.944861,39.809134,-4.864274,0.877810
1.635000,35.036800,39.959225,-4.922425,0.876814
1.640000,35.127900,40.108401,-4.980501,0.875824
1.645000,35.218171,40.256670,-5.038499,0.874841
1.650000,35.307622,40.404040,-5.096419,0.873864
1.655000,35.396263,40.550520,-5.154257,0.872893
1.660000,35.484105,40.696118,-5.212013,0.871929
1.665000,35.571157,40.840841,-5.269684,0.870970
1.670000,35.657428,40.984697,-5.327270,0.870018
1.675000,35.742927,41.127695,-5.384768,0.869072
1.680000,35.827664,41.269841,-5.442177,0.868132
1.685000,35.911648,41.411144,-5.499496,0.867198
1.690000,35.994888,41.551611,-5.556723,0.866269
1.695000,36.077392,41.691249,-5.613856,0.865347
1.700000,36.159170,41.830065,-5.670896,0.864430
1.705000,36.240228,41.968068,-5.727839,0.863519
1.710000,36.320577,42.105263,-5.784686,0.862614
1.715000,36.400224,42.241659,-5.841434,0.861714
1.720000,36.479178,42.377261,-5.898083,0.860820
1.725000,36.557446,42.512077,-5.954631,0.859931
1.730000,36.635036,42.646114,-6.011078,0.859047
1.735000,36.711957,42.779379,-6.067422,0.858169
1.740000,36.788215,42.911877,-6.123662,0.857297
1.745000,36.863819,43.043617,-6.179798,0.856429
1.750000,36.938776,43.174603,-6.235828,0.855567
1.755000,37.013092,43.304843,-6.291751,0.854710
1.760000,37.086777,43.434343,-6.347567,0.853858
1.765000,37.159836,43.563110,-6.403274,0.853012
1.770000,37.232277,43.691149,-6.458872,0.852170
1.775000,37.304106,43.818466,-6.514360,0.851333
1.780000,37.375331,43.945069,-6.569737,0.850501
1.785000,37.445959,44.070962,-6.625003,0.849674
1.790000,37.515995,44.196151,-6.680156,0.848852
1.795000,37.585447,44.320644,-6.735197,0.848035
1.800000,37.654321,44.444444,-6.790123,0.847222
1.805000,37.722623,44.567559,-6.844936,0.846414
1.810000,37.790360,44.689994,-6.899633,0.845611
1.815000,37.857539,44.811754,-6.954215,0.844813
1.820000,37.924164,44.932845,-7.008681,0.844019
1.825000,37.990242,45.053272,-7.063030,0.843229
1.830000,38.055780,45.173042,-7.117262,0.842444
1.835000,38.120782,45.292159,-7.171377,0.841664
1.840000,38.185255,45.410628,-7.225373,0.840888
1.845000,38.249205,45.528455,-7.279250,0.840116
1.850000,38.312637,45.645646,-7.333009,0.839349
1.855000,38.375557,45.762204,-7.386648,0.838586
1.860000,38.437970,45.878136,-7.440166,0.837828
1.865000,38.499881,45.993447,-7.493565,0.837073
1.870000,38.561297,46.108140,-7.546843,0.836323
1.875000,38.622222,46.222222,-7.600000,0.835577
1.880000,38.682662,46.335697,-7.653036,0.834835
1.885000,38.742621,46.448571,-7.705949,0.834097
1.890000,38.802105,46.560847,-7.758741,0.833363
1.895000,38.861119,46.672530,-7.811411,0.832634
1.900000,38.919668,46.783626,-7.863958,0.831908
1.905000,38.977756,46.894138,-7.916382,0.831186
1.910000,39.035388,47.004072,-7.968684,0.830468
1.915000,39.092570,47.113432,-8.020862,0.829754
1.920000,39.149306,47.222222,-8.072917,0.829044
1.925000,39.205600,47.330447,-8.124848,0.828338
1.930000,39.261457,47.438112,-8.176655,0.827635
1.935000,39.316881,47.545220,-8.228338,0.826937
1.940000,39.371878,47.651775,-8.279897,0.826242
1.945000,39.426451,47.757783,-8.331332,0.825550
1.950000,39.480605,47.863248,-8.382643,0.824863
1.955000,39.534344,47.968173,-8.433829,0.824179
1.960000,39.587672,48.072562,-8.484891,0.823498
1.965000,39.640593,48.176421,-8.535827,0.822821
1.970000,39.693112,48.279752,-8.586639,0.822148
1.975000,39.745233,48.382560,-8.637327,0.821479
1.980000,39.796959,48.484848,-8.687889,0.820812
1.985000,39.848295,48.586622,-8.738326,0.820150
1.990000,39.899245,48.687884,-8.788639,0.819490
1.995000,39.949812,48.788638,-8.838826,0.818834
2.000000,40.000000,48.888889,-8.888889,0.818182
2.005000,40.049813,48.988640,-8.938826,0.817533
2.010000,40.099255,49.087894,-8.988639,0.816887
2.015000,40.148329,49.186656,-9.038326,0.816244
2.020000,40.197040,49.284928,-9.087889,0.815605
2.025000,40.245389,49.382716,-9.137327,0.814969
2.030000,40.293383,49.480022,-9.186639,0.814336
2.035000,40.341022,49.576850,-9.235827,0.813707
2.040000,40.388312,49.673203,-9.284890,0.813080
2.045000,40.435256,49.769084,-9.333829,0.812457
2.050000,40.481856,49.864499,-9.382643,0.811837
2.055000,40.528117,49.959448,-9.431332,0.811220
2.060000,40.574041,50.053937,-9.479897,0.810606
2.065000,40.619632,50.147969,-9.528337,0.809996
2.070000,40.664893,50.241546,-9.576653,0.809388
2.075000,40.709827,50.334672,-9.624845,0.808783
2.080000,40.754438,50.427350,-9.672913,0.808181
2.085000,40.798728,50.519584,-9.720856,0.807582
2.090000,40.842700,50.611377,-9.768676,0.806987
2.095000,40.886359,50.702731,-9.816373,0.806394
2.100000,40.929705,50.793651,-9.863946,0.805804
2.105000,40.972743,50.884138,-9.911395,0.805216
2.110000,41.015476,50.974197,-9.958721,0.804632
2.115000,41.057906,51.063830,-10.005924,0.804051
2.120000,41.100036,51.153040,-10.053004,0.803472
2.125000,41.141869,51.241830,-10.099962,0.802896
2.130000,41.183407,51.330203,-10.146796,0.802323
2.135000,41.224654,51.418163,-10.193509,0.801753
2.140000,41.265613,51.505711,-10.240099,0.801185
2.145000,41.306285,51.592852,-10.286567,0.800620
2.150000,41.346674,51.679587,-10.332913,0.800058
2.155000,41.386782,51.765919,-10.379137,0.799499
2.160000,41.426612,51.851852,-10.425240,0.798942
2.165000,41.466166,51.937388,-10.471222,0.798388
2.170000,41.505447,52.022529,-10.517082,0.797836
2.175000,41.544458,52.107280,-10.562822,0.797287
2.180000,41.583200,52.191641,-10.608441,0.796741
2.185000,41.621677,52.275617,-10.653940,0.796197
2.190000,41.659890,52.359209,-10.699318,0.795655
2.195000,41.697843,52.442420,-10.744577,0.795117
2.200000,41.735537,52.525253,-10.789715,0.794580
2.205000,41.772975,52.607710,-10.834734,0.794047
2.210000,41.810159,52.689794,-10.879634,0.793515
2.215000,41.847092,52.771507,-10.924415,0.792986
2.220000,41.883776,52.852853,-10.969077,0.792460
2.225000,41.920212,52.933833,-11.013621,0.791936
2.230000,41.956404,53.014449,-11.058046,0.791414
2.235000,41.992353,53.094705,-11.102353,0.790895
2.240000,42.028061,53.174603,-11.146542,0.790378
2.245000,42.063531,53.254145,-11.190614,0.789864
2.250000,42.098765,53.333333,-11.234568,0.789352
2.255000,42.133765,53.412170,-11.278405,0.788842
2.260000,42.168533,53.490659,-11.322126,0.788335
2.265000,42.203071,53.568801,-11.365730,0.787829
2.270000,42.237381,53.646598,-11.409217,0.787326
2.275000,42.271465,53.724054,-11.452589,0.786826
2.280000,42.305325,53.801170,-11.495845,0.786327
2.285000,42.338963,53.877948,-11.538985,0.785831
2.290000,42.372380,53.954391,-11.582011,0.785337
2.295000,42.405580,54.030501,-11.624921,0.784845
2.300000,42.438563,54.106280,-11.667717,0.784356
2.305000,42.471332,54.181731,-11.710398,0.783868
2.310000,42.503889,54.256854,-11.752966,0.783383
2.315000,42.536234,54.331653,-11.795419,0.782900
2.320000,42.568371,54.406130,-11.837759,0.782419
2.325000,42.600301,54.480287,-11.879986,0.781940
2.330000,42.632025,54.554125,-11.922100,0.781463
2.335000,42.663546,54.627647,-11.964101,0.780988
2.340000,42.694864,54.700855,-12.005990,0.780515
2.345000,42.725983,54.773750,-12.047767,0.780045
2.350000,42.756904,54.846336,-12.089432,0.779576
2.355000,42.787627,54.918613,-12.130986,0.779110
2.360000,42.818156,54.990584,-12.172428,0.778645
2.365000,42.848491,55.062250,-12.213760,0.778183
2.370000,42.878634,55.133615,-12.254981,0.777722
2.375000,42.908587,55.204678,-12.296091,0.777264
2.380000,42.938352,55.275444,-12.337092,0.776807
2.385000,42.967929,55.345912,-12.377983,0.776352
2.390000,42.997321,55.416086,-12.418764,0.775900
2.395000,43.026530,55.485966,-12.459436,0.775449
2.400000,43.055556,55.555556,-12.500000,0.775000
2.405000,43.084401,55.624856,-12.540455,0.774553
2.410000,43.113066,55.693868,-12.580802,0.774108
2.415000,43.141554,55.762595,-12.621041,0.773665
2.420000,43.169865,55.831038,-12.661172,0.773223
2.425000,43.198002,55.899198,-12.701196,0.772784
2.430000,43.225965,55.967078,-12.741113,0.772346
2.435000,43.253756,56.034679,-12.780924,0.771910
2.440000,43.281376,56.102004,-12.820628,0.771476
2.445000,43.308827,56.169052,-12.860226,0.771044
2.450000,43.336110,56.235828,-12.899718,0.770614
2.455000,43.363226,56.302331,-12.939104,0.770185
2.460000,43.390178,56.368564,-12.978386,0.769758
2.465000,43.416965,56.434528,-13.017563,0.769333
2.470000,43.443590,56.500225,-13.056635,0.768910
2.475000,43.470054,56.565657,-13.095602,0.768488
2.480000,43.496358,56.630824,-13.134466,0.768069
2.485000,43.522503,56.695730,-13.173227,0.767650
2.490000,43.548491,56.760375,-13.211884,0.767234
2.495000,43.574323,56.824761,-13.250438,0.766819
2.500000,43.600000,56.888889,-13.288889,0.766406
2.505000,43.625523,56.952761,-13.327238,0.765995
2.510000,43.650894,57.016379,-13.365484,0.765585
2.515000,43.676114,57.079744,-13.403629,0.765177
2.520000,43.701184,57.142857,-13.441673,0.764771
2.525000,43.726105,57.205721,-13.479615,0.764366
2.530000,43.750879,57.268336,-13.517457,0.763963
2.535000,43.775506,57.330703,-13.555198,0.763561
2.540000,43.799988,57.392826,-13.592838,0.763161
2.545000,43.824325,57.454704,-13.630379,0.762763
2.550000,43.848520,57.516340,-13.667820,0.762366
2.555000,43.872572,57.577734,-13.705162,0.761971
2.560000,43.896484,57.638889,-13.742405,0.761578
2.565000,43.920257,57.699805,-13.779549,0.761186
2.570000,43.943890,57.760484,-13.816594,0.760795
2.575000,43.967386,57.820928,-13.853542,0.760406
2.580000,43.990746,57.881137,-13.890391,0.760019
2.585000,44.013970,57.941113,-13.927143,0.759633
2.590000,44.037060,58.000858,-13.963798,0.759248
2.595000,44.060016,58.060373,-14.000356,0.758866
2.600000,44.082840,58.119658,-14.036818,0.758484
2.605000,44.105533,58.178716,-14.073183,0.758104
2.610000,44.128096,58.237548,-14.109452,0.757726
2.615000,44.150529,58.296155,-14.145626,0.757349
2.620000,44.172834,58.354538,-14.181704,0.756973
2.625000,44.195011,58.412698,-14.217687,0.756599
2.630000,44.217063,58.470638,-14.253575,0.756227
2.635000,44.238988,58.528358,-14.289369,0.755856
2.640000,44.260790,58.585859,-14.325069,0.755486
2.645000,44.282468,58.643142,-14.360675,0.755118
2.650000,44.304023,58.700210,-14.396187,0.754751
2.655000,44.325456,58.757062,-14.431606,0.754385
2.660000,44.346769,58.813701,-14.466932,0.754021
2.665000,44.367962,58.870127,-14.502165,0.753658
2.670000,44.389036,58.926342,-14.537306,0.753297
2.675000,44.409992,58.982347,-14.572355,0.752937
2.680000,44.430831,59.038143,-14.607312,0.752578
2.685000,44.451553,59.093731,-14.642177,0.752221
2.690000,44.472160,59.149112,-14.676952,0.751865
2.695000,44.492653,59.204288,-14.711635,0.751511
2.700000,44.513032,59.259259,-14.746228,0.751157
2.705000,44.533297,59.314028,-14.780730,0.750805
2.710000,44.553451,59.368594,-14.815143,0.750455
2.715000,44.573494,59.422959,-14.849465,0.750106
2.720000,44.593426,59.477124,-14.883699,0.749758
2.725000,44.613248,59.531091,-14.917843,0.749411
2.730000,44.632962,59.584860,-14.951898,0.749065
2.735000,44.652567,59.638432,-14.985865,0.748721
2.740000,44.672066,59.691809,-15.019743,0.748378
2.745000,44.691458,59.744991,-15.053533,0.748037
2.750000,44.710744,59.797980,-15.087236,0.747697
2.755000,44.729925,59.850776,-15.120851,0.747357
2.760000,44.749002,59.903382,-15.154379,0.747020
2.765000,44.767976,59.955797,-15.187821,0.746683
2.770000,44.786847,60.008022,-15.221175,0.746348
2.775000,44.805616,60.060060,-15.254444,0.746014
2.780000,44.824284,60.111910,-15.287626,0.745681
2.785000,44.842852,60.163575,-15.320723,0.745349
2.790000,44.861320,60.215054,-15.353734,0.745018
2.795000,44.879689,60.266349,-15.386660,0.744689
2.800000,44.897959,60.317460,-15.419501,0.744361
2.805000,44.916132,60.368390,-15.452258,0.744034
2.810000,44.934208,60.419138,-15.484930,0.743708
2.815000,44.952188,60.469706,-15.517518,0.743384
2.820000,44.970072,60.520095,-15.550023,0.743060
2.825000,44.987861,60.570305,-15.582444,0.742738
2.830000,45.005556,60.620338,-15.614781,0.742417
2.835000,45.023158,60.670194,-15.647036,0.742097
2.840000,45.040667,60.719875,-15.679208,0.741778
2.845000,45.058083,60.769381,-15.711298,0.741460
2.850000,45.075408,60.818713,-15.743306,0.741144
2.855000,45.092642,60.867873,-15.775231,0.740828
2.860000,45.109785,60.916861,-15.807076,0.740514
2.865000,45.126839,60.965678,-15.838838,0.740201
2.870000,45.143804,61.014324,-15.870520,0.739889
2.875000,45.160681,61.062802,-15.902121,0.739578
2.880000,45.177469,61.111111,-15.933642,0.739268
2.885000,45.194171,61.159253,-15.965082,0.738959
2.890000,45.210785,61.207228,-15.996443,0.738651
2.895000,45.227314,61.255037,-16.027723,0.738344
2.900000,45.243757,61.302682,-16.058925,0.738039
2.905000,45.260116,61.350163,-16.090047,0.737734
2.910000,45.276390,61.397480,-16.121090,0.737431
2.915000,45.292581,61.444635,-16.152054,0.737128
2.920000,45.308688,61.491629,-16.182940,0.736827
2.925000,45.324713,61.538462,-16.213748,0.736527
2.930000,45.340656,61.585135,-16.244478,0.736227
2.935000,45.356518,61.631649,-16.275131,0.735929
2.940000,45.372299,61.678005,-16.305706,0.735632
2.945000,45.387999,61.724203,-16.336204,0.735336
2.950000,45.403620,61.770245,-16.366625,0.735040
2.955000,45.419161,61.816131,-16.396970,0.734746
2.960000,45.434624,61.861862,-16.427238,0.734453
2.965000,45.450008,61.907439,-16.457430,0.734161
2.970000,45.465315,61.952862,-16.487547,0.733869
2.975000,45.480545,61.998133,-16.517587,0.733579
2.980000,45.495698,62.043251,-16.547553,0.733290
2.985000,45.510776,62.088219,-16.577443,0.733002
2.990000,45.525777,62.133036,-16.607259,0.732715
2.995000,45.540704,62.177704,-16.637000,0.732428
3.000000,45.555556,62.222222,-16.666667,0.732143
3.005000,45.570333,62.266593,-16.696259,0.731858
3.010000,45.585038,62.310816,-16.725778,0.731575
3.015000,45.599669,62.354892,-16.755223,0.731293
3.020000,45.614227,62.398823,-16.784595,0.731011
3.025000,45.628714,62.442608,-16.813894,0.730730
3.030000,45.643129,62.486249,-16.843120,0.730451
3.035000,45.657472,62.529746,-16.872273,0.730172
3.040000,45.671745,62.573099,-16.901354,0.729894
3.045000,45.685948,62.616311,-16.930363,0.729617
3.050000,45.700081,62.659381,-16.959300,0.729341
3.055000,45.714144,62.702310,-16.988165,0.729066
3.060000,45.728139,62.745098,-17.016959,0.728792
3.065000,45.742065,62.787747,-17.045682,0.728519
3.070000,45.755923,62.830257,-17.074334,0.728247
3.075000,45.769714,62.872629,-17.102915,0.727975
3.080000,45.783437,62.914863,-17.131426,0.727705
3.085000,45.797094,62.956960,-17.159866,0.727435
3.090000,45.810685,62.998921,-17.188236,0.727166
3.095000,45.824210,63.040747,-17.216537,0.726898
3.100000,45.837669,63.082437,-17.244768,0.726631
3.105000,45.851064,63.123994,-17.272930,0.726365
3.110000,45.864393,63.165416,-17.301023,0.726100
3.115000,45.877659,63.206706,-17.329047,0.725835
3.120000,45.890861,63.247863,-17.357002,0.725572
3.125000,45.904000,63.288889,-17.384889,0.725309
3.130000,45.917076,63.329783,-17.412708,0.725047
3.135000,45.930089,63.370548,-17.440458,0.724786
3.140000,45.943040,63.411182,-17.468142,0.724526
3.145000,45.955930,63.451687,-17.495757,0.724266
3.150000,45.968758,63.492063,-17.523306,0.724008
3.155000,45.981525,63.532312,-17.550787,0.723750
3.160000,45.994232,63.572433,-17.578201,0.723493
3.165000,46.006878,63.612428,-17.605549,0.723237
3.170000,46.019465,63.652296,-17.632831,0.722982
3.175000,46.031992,63.692038,-17.660046,0.722728
3.180000,46.044460,63.731656,-17.687196,0.722474
3.185000,46.056870,63.771149,-17.714280,0.722221
3.190000,46.069221,63.810519,-17.741298,0.721969
3.195000,46.081514,63.849765,-17.768251,0.721718
3.200000,46.093750,63.888889,-17.795139,0.721467
3.205000,46.105928,63.927890,-17.821962,0.721218
3.210000,46.118050,63.966771,-17.848720,0.720969
3.215000,46.130115,64.005530,-17.875414,0.720721
3.220000,46.142124,64.044168,-17.902044,0.720473
3.225000,46.154077,64.082687,-17.928610,0.720227
3.230000,46.165975,64.121087,-17.955112,0.719981
3.235000,46.177817,64.159368,-17.981551,0.719736
3.240000,46.189605,64.197531,-18.007926,0.719492
3.245000,46.201339,64.235576,-18.034238,0.719248
3.250000,46.213018,64.273504,-18.060487,0.719006
3.255000,46.224643,64.311316,-18.086673,0.718764
3.260000,46.236215,64.349012,-18.112796,0.718523
3.265000,46.247734,64.386592,-18.138858,0.718282
3.270000,46.259200,64.424057,-18.164857,0.718042
3.275000,46.270614,64.461408,-18.190794,0.717803
3.280000,46.281975,64.498645,-18.216670,0.717565
3.285000,46.293285,64.535769,-18.242484,0.717328
3.290000,46.304543,64.572779,-18.268237,0.717091
3.295000,46.315749,64.609678,-18.293928,0.716855
3.300000,46.326905,64.646465,-18.319559,0.716619
3.305000,46.338011,64.683140,-18.345129,0.716385
3.310000,46.349066,64.719705,-18.370639,0.716151
3.315000,46.360071,64.756159,-18.396088,0.715918
3.320000,46.371026,64.792503,-18.421477,0.715685
3.325000,46.381932,64.828739,-18.446806,0.715453
3.330000,46.392789,64.864865,-18.472076,0.715222
3.335000,46.403597,64.900883,-18.497286,0.714992
3.340000,46.414357,64.936793,-18.522436,0.714762
3.345000,46.425068,64.972596,-18.547528,0.714533
3.350000,46.435732,65.008292,-18.572560,0.714305
3.355000,46.446348,65.043881,-18.597534,0.714077
3.360000,46.456916,65.079365,-18.622449,0.713850
3.365000,46.467438,65.114743,-18.647306,0.713624
3.370000,46.477912,65.150016,-18.672104,0.713398
3.375000,46.488340,65.185185,-18.696845,0.713173
3.380000,46.498722,65.220250,-18.721528,0.712949
3.385000,46.509058,65.255211,-18.746153,0.712726
3.390000,46.519348,65.290069,-18.770721,0.712503
3.395000,46.529593,65.324824,-18.795231,0.712280
3.400000,46.539792,65.359477,-18.819685,0.712059
3.405000,46.549947,65.394028,-18.844081,0.711838
3.410000,46.560057,65.428478,-18.868421,0.711618
3.415000,46.570123,65.462827,-18.892705,0.711398
3.420000,46.580144,65.497076,-18.916932,0.711179
3.425000,46.590122,65.531225,-18.941103,0.710961
3.430000,46.600056,65.565274,-18.965218,0.710743
3.435000,46.609947,65.599224,-18.989277,0.710526
3.440000,46.619794,65.633075,-19.013280,0.710309
3.445000,46.629599,65.666828,-19.037229,0.710094
3.450000,46.639361,65.700483,-19.061122,0.709879
3.455000,46.649081,65.734041,-19.084960,0.709664
3.460000,46.658759,65.767502,-19.108743,0.709450
3.465000,46.668395,65.800866,-19.132471,0.709237
3.470000,46.677989,65.834134,-19.156145,0.709024
3.475000,46.687542,65.867306,-19.179764,0.708812
3.480000,46.697054,65.900383,-19.203329,0.708601
3.485000,46.706525,65.933365,-19.226841,0.708390
3.490000,46.715955,65.966253,-19.250298,0.708180
3.495000,46.725344,65.999046,-19.273702,0.707970
3.500000,46.734694,66.031746,-19.297052,0.707761
3.505000,46.744003,66.064353,-19.320349,0.707553
3.510000,46.753273,66.096866,-19.343593,0.707345
3.515000,46.762503,66.129287,-19.366784,0.707138
3.520000,46.771694,66.161616,-19.389922,0.706931
3.525000,46.780846,66.193853,-19.413007,0.706725
3.530000,46.789959,66.225999,-19.436040,0.706519
3.535000,46.799033,66.258054,-19.459021,0.706315
3.540000,46.808069,66.290019,-19.481950,0.706110
3.545000,46.817067,66.321893,-19.504826,0.705907
3.550000,46.826027,66.353678,-19.527651,0.705704
3.555000,46.834948,66.385373,-19.550424,0.705501
3.560000,46.843833,66.416979,-19.573146,0.705299
3.565000,46.852680,66.448496,-19.595816,0.705098
3.570000,46.861490,66.479925,-19.618436,0.704897
3.575000,46.870263,66.511267,-19.641004,0.704697
3.580000,46.878999,66.542520,-19.663521,0.704497
3.585000,46.887698,66.573687,-19.685988,0.704298
3.590000,46.896362,66.604766,-19.708405,0.704099
3.595000,46.904989,66.635760,-19.730771,0.703901
3.600000,46.913580,66.666667,-19.753086,0.703704
3.605000,46.922136,66.697488,-19.775352,0.703507
3.610000,46.930656,66.728224,-19.797568,0.703310
3.615000,46.939141,66.758875,-19.819735,0.703115
3.620000,46.947590,66.789441,-19.841851,0.702919
3.625000,46.956005,66.819923,-19.863919,0.702725
3.630000,46.964385,66.850321,-19.885937,0.702530
3.635000,46.972730,66.880636,-19.907906,0.702337
3.640000,46.981041,66.910867,-19.929826,0.702144
3.645000,46.989318,66.941015,-19.951697,0.701951
3.650000,46.997561,66.971081,-19.973520,0.701759
3.655000,47.005770,67.001064,-19.995294,0.701568
3.660000,47.013945,67.030965,-20.017021,0.701377
3.665000,47.022087,67.060785,-20.038698,0.701186
3.670000,47.030195,67.090524,-20.060328,0.700996
3.675000,47.038271,67.120181,-20.081910,0.700807
3.680000,47.046314,67.149758,-20.103445,0.700618
3.685000,47.054324,67.179255,-20.124931,0.700429
3.690000,47.062301,67.208672,-20.146371,0.700241
3.695000,47.070246,67.238009,-20.167763,0.700054
3.700000,47.078159,67.267267,-20.189108,0.699867
3.705000,47.086040,67.296446,-20.210406,0.699681
3.710000,47.093889,67.325547,-20.231657,0.699495
3.715000,47.101707,67.354569,-20.252862,0.699310
3.720000,47.109492,67.383513,-20.274020,0.699125
3.725000,47.117247,67.412379,-20.295132,0.698941
3.730000,47.124970,67.441168,-20.316197,0.698757
3.735000,47.132663,67.469880,-20.337217,0.698573
3.740000,47.140324,67.498515,-20.358190,0.698391
3.745000,47.147955,67.527073,-20.379118,0.698208
3.750000,47.155556,67.555556,-20.400000,0.698026
3.755000,47.163126,67.583962,-20.420837,0.697845
3.760000,47.170665,67.612293,-20.441628,0.697664
3.765000,47.178175,67.640549,-20.462374,0.697484
3.770000,47.185655,67.668730,-20.483074,0.697304
3.775000,47.193106,67.696836,-20.503730,0.697124
3.780000,47.200526,67.724868,-20.524341,0.696945
3.785000,47.207918,67.752825,-20.544908,0.696767
3.790000,47.215280,67.780709,-20.565430,0.696589
3.795000,47.222613,67.808520,-20.585907,0.696411
3.800000,47.229917,67.836257,-20.606340,0.696234
3.805000,47.237192,67.863922,-20.626730,0.696058
3.810000,47.244439,67.891514,-20.647075,0.695881
3.815000,47.251657,67.919033,-20.667376,0.695706
3.820000,47.258847,67.946481,-20.687633,0.695530
3.825000,47.266009,67.973856,-20.707847,0.695356
3.830000,47.273142,68.001160,-20.728018,0.695181
3.835000,47.280248,68.028393,-20.748145,0.695008
3.840000,47.287326,68.055556,-20.768229,0.694834
3.845000,47.294377,68.082647,-20.788270,0.694661
3.850000,47.301400,68.109668,-20.808268,0.694489
3.855000,47.308396,68.136619,-20.828223,0.694317
3.860000,47.315364,68.163500,-20.848136,0.694145
3.865000,47.322306,68.190312,-20.868006,0.693974
3.870000,47.329220,68.217054,-20.887834,0.693803
3.875000,47.336108,68.243728,-20.907619,0.693633
3.880000,47.342969,68.270332,-20.927363,0.693463
3.885000,47.349804,68.296868,-20.947064,0.693294
3.890000,47.356613,68.323336,-20.966723,0.693125
3.895000,47.363395,68.349736,-20.986341,0.692957
3.900000,47.370151,68.376068,-21.005917,0.692788
3.905000,47.376881,68.402333,-21.025452,0.692621
3.910000,47.383586,68.428531,-21.044945,0.692454
3.915000,47.390265,68.454662,-21.064397,0.692287
3.920000,47.396918,68.480726,-21.083808,0.692121
3.925000,47.403546,68.506723,-21.103178,0.691955
3.930000,47.410148,68.532655,-21.122506,0.691789
3.935000,47.416726,68.558520,-21.141795,0.691624
3.940000,47.423278,68.584320,-21.161042,0.691459
3.945000,47.429806,68.610055,-21.180249,0.691295
3.950000,47.436308,68.635724,-21.199416,0.691131
3.955000,47.442786,68.661329,-21.218542,0.690968
3.960000,47.449240,68.686869,-21.237629,0.690805
3.965000,47.455669,68.712344,-21.256675,0.690643
3.970000,47.462074,68.737755,-21.275682,0.690480
3.975000,47.468455,68.763103,-21.294648,0.690319
3.980000,47.474811,68.788386,-21.313575,0.690157
3.985000,47.481144,68.813607,-21.332463,0.689996
3.990000,47.487453,68.838764,-21.351311,0.689836
3.995000,47.493738,68.863858,-21.370119,0.689676
4.000000,47.500000,68.888889,-21.388889,0.689516
4.005000,47.506238,68.913858,-21.407619,0.689357
4.010000,47.512453,68.938764,-21.426311,0.689198
4.015000,47.518645,68.963609,-21.444964,0.689039
4.020000,47.524814,68.988391,-21.463578,0.688881
4.025000,47.530959,69.013112,-21.482153,0.688724
4.030000,47.537082,69.037772,-21.500690,0.688566
4.035000,47.543182,69.062371,-21.519189,0.688409
4.040000,47.549260,69.086909,-21.537649,0.688253
4.045000,47.555315,69.111386,-21.556071,0.688097
4.050000,47.561347,69.135802,-21.574455,0.687941
4.055000,47.567358,69.160159,-21.592801,0.687786
4.060000,47.573346,69.184455,-21.611110,0.687631
4.065000,47.579312,69.208692,-21.629381,0.687476
4.070000,47.585256,69.232869,-21.647614,0.687322
4.075000,47.591178,69.256987,-21.665809,0.687168
4.080000,47.597078,69.281046,-21.683968,0.687014
4.085000,47.602957,69.305046,-21.702089,0.686861
4.090000,47.608814,69.328987,-21.720173,0.686709
4.095000,47.614650,69.352869,-21.738220,0.686556
4.100000,47.620464,69.376694,-21.756230,0.686404
4.105000,47.626257,69.400460,-21.774203,0.686253
4.110000,47.632029,69.424169,-21.792140,0.686102
4.115000,47.637780,69.447820,-21.810039,0.685951
4.120000,47.643510,69.471413,-21.827903,0.685800
4.125000,47.649219,69.494949,-21.845730,0.685650
4.130000,47.654908,69.518429,-21.863521,0.685500
4.135000,47.660576,69.541851,-21.881276,0.685351
4.140000,47.666223,69.565217,-21.898994,0.685202
4.145000,47.671850,69.588527,-21.916677,0.685053
4.150000,47.677457,69.611780,-21.934324,0.684905
4.155000,47.683043,69.634978,-21.951935,0.684757
4.160000,47.688609,69.658120,-21.969510,0.684609
4.165000,47.694156,69.681206,-21.987050,0.684462
4.170000,47.699682,69.704237,-22.004555,0.684315
4.175000,47.705188,69.727212,-22.022024,0.684169
4.180000,47.710675,69.750133,-22.039458,0.684023
4.185000,47.716142,69.772999,-22.056857,0.683877
4.190000,47.721590,69.795810,-22.074220,0.683731
4.195000,47.727018,69.818567,-22.091549,0.683586
4.200000,47.732426,69.841270,-22.108844,0.683442
4.205000,47.737816,69.863919,-22.126103,0.683297
4.210000,47.743186,69.886514,-22.143328,0.683153
4.215000,47.748537,69.909055,-22.160518,0.683009
4.220000,47.753869,69.931543,-22.177674,0.682866
4.225000,47.759182,69.953978,-22.194796,0.682723
4.230000,47.764476,69.976359,-22.211883,0.682580
4.235000,47.769752,69.998688,-22.228936,0.682438
4.240000,47.775009,70.020964,-22.245955,0.682296
4.245000,47.780247,70.043188,-22.262941,0.682154
4.250000,47.785467,70.065359,-22.279892,0.682013
4.255000,47.790669,70.087479,-22.296810,0.681872
4.260000,47.795852,70.109546,-22.313694,0.681731
4.265000,47.801017,70.131562,-22.330545,0.681591
4.270000,47.806164,70.153526,-22.347362,0.681451
4.275000,47.811292,70.175439,-22.364146,0.681311
4.280000,47.816403,70.197300,-22.380897,0.681172
4.285000,47.821496,70.219111,-22.397614,0.681032
4.290000,47.826571,70.240870,-22.414299,0.680894
4.295000,47.831629,70.262579,-22.430951,0.680755
4.300000,47.836668,70.284238,-22.447569,0.680617
4.305000,47.841691,70.305846,-22.464155,0.680480
4.310000,47.846695,70.327404,-22.480708,0.680342
4.315000,47.851683,70.348912,-22.497229,0.680205
4.320000,47.856653,70.370370,-22.513717,0.680068
4.325000,47.861606,70.391779,-22.530173,0.679932
4.330000,47.866542,70.413138,-22.546597,0.679796
4.335000,47.871460,70.434448,-22.562988,0.679660
4.340000,47.876362,70.455709,-22.579347,0.679524
4.345000,47.881247,70.476921,-22.595675,0.679389
4.350000,47.886114,70.498084,-22.611970,0.679254
4.355000,47.890966,70.519199,-22.628233,0.679120
4.360000,47.895800,70.540265,-22.644465,0.678985
4.365000,47.900618,70.561283,-22.660665,0.678851
4.370000,47.905419,70.582253,-22.676834,0.678718
4.375000,47.910204,70.603175,-22.692971,0.678584
4.380000,47.914973,70.624049,-22.709076,0.678451
4.385000,47.919725,70.644875,-22.725150,0.678318
4.390000,47.924461,70.665654,-22.741194,0.678186
4.395000,47.929181,70.686386,-22.757205,0.678054
4.400000,47.933884,70.707071,-22.773186,0.677922
4.405000,47.938572,70.727708,-22.789136,0.677791
4.410000,47.943244,70.748299,-22.805056,0.677659
4.415000,47.947900,70.768844,-22.820944,0.677528
4.420000,47.952540,70.789341,-22.836802,0.677398
4.425000,47.957164,70.809793,-22.852629,0.677267
4.430000,47.961773,70.830198,-22.868425,0.677137
4.435000,47.966366,70.850557,-22.884191,0.677008
4.440000,47.970944,70.870871,-22.899927,0.676878
4.445000,47.975506,70.891139,-22.915632,0.676749
4.450000,47.980053,70.911361,-22.931308,0.676620
4.455000,47.984585,70.931538,-22.946953,0.676492
4.460000,47.989101,70.951669,-22.962568,0.676363
4.465000,47.993602,70.971756,-22.978154,0.676235
4.470000,47.998088,70.991797,-22.993709,0.676108
4.475000,48.002559,71.011794,-23.009235,0.675980
4.480000,48.007015,71.031746,-23.024731,0.675853
4.485000,48.011456,71.051654,-23.040197,0.675726
4.490000,48.015883,71.071517,-23.055634,0.675600
4.495000,48.020294,71.091336,-23.071042,0.675473
4.500000,48.024691,71.111111,-23.086420,0.675347
4.505000,48.029074,71.130842,-23.101769,0.675221
4.510000,48.033441,71.150530,-23.117088,0.675096
4.515000,48.037795,71.170173,-23.132379,0.674971
4.520000,48.042133,71.189774,-23.147641,0.674846
4.525000,48.046458,71.209331,-23.162873,0.674721
4.530000,48.050768,71.228845,-23.178077,0.674597
4.535000,48.055064,71.248316,-23.193252,0.674473
4.540000,48.059345,71.267744,-23.208398,0.674349
4.545000,48.063613,71.287129,-23.223516,0.674226
4.550000,48.067866,71.306471,-23.238605,0.674102
4.555000,48.072106,71.325771,-23.253666,0.673979
4.560000,48.076331,71.345029,-23.268698,0.673857
4.565000,48.080543,71.364245,-23.283702,0.673734
4.570000,48.084741,71.383418,-23.298678,0.673612
4.575000,48.088925,71.402550,-23.313625,0.673490
4.580000,48.093095,71.421640,-23.328545,0.673369
4.585000,48.097252,71.440688,-23.343436,0.673247
4.590000,48.101395,71.459695,-23.358300,0.673126
4.595000,48.105525,71.478660,-23.373136,0.673005
4.600000,48.109641,71.497585,-23.387944,0.672885
4.605000,48.113744,71.516468,-23.402724,0.672765
4.610000,48.117833,71.535310,-23.417477,0.672645
4.615000,48.121909,71.554111,-23.432202,0.672525
4.620000,48.125972,71.572872,-23.446899,0.672405
4.625000,48.130022,71.591592,-23.461570,0.672286
4.630000,48.134059,71.610271,-23.476213,0.672167
4.635000,48.138082,71.628910,-23.490828,0.672048
4.640000,48.142093,71.647510,-23.505417,0.671930
4.645000,48.146090,71.666069,-23.519978,0.671812
4.650000,48.150075,71.684588,-23.534513,0.671694
4.655000,48.154047,71.703067,-23.549020,0.671576
4.660000,48.158006,71.721507,-23.563501,0.671458
4.665000,48.161953,71.739907,-23.577954,0.671341
4.670000,48.165886,71.758268,-23.592381,0.671224
4.675000,48.169808,71.776589,-23.606782,0.671108
4.680000,48.173716,71.794872,-23.621156,0.670991
4.685000,48.177612,71.813115,-23.635503,0.670875
4.690000,48.181496,71.831320,-23.649824,0.670759
4.695000,48.185367,71.849485,-23.664118,0.670643
4.700000,48.189226,71.867612,-23.678386,0.670528
4.705000,48.193072,71.885701,-23.692628,0.670413
4.710000,48.196907,71.903751,-23.706844,0.670298
4.715000,48.200729,71.921763,-23.721034,0.670183
4.720000,48.204539,71.939736,-23.735197,0.670068
4.725000,48.208337,71.957672,-23.749335,0.669954
4.730000,48.212123,71.975570,-23.763447,0.669840
4.735000,48.215897,71.993430,-23.777533,0.669726
4.740000,48.219659,72.011252,-23.791593,0.669613
4.745000,48.223409,72.029036,-23.805628,0.669500
4.750000,48.227147,72.046784,-23.819637,0.669387
4.755000,48.230873,72.064494,-23.833620,0.669274
4.760000,48.234588,72.082166,-23.847578,0.669161
4.765000,48.238291,72.099802,-23.861511,0.669049
4.770000,48.241982,72.117400,-23.875418,0.668937
4.775000,48.245662,72.134962,-23.889300,0.668825
4.780000,48.249330,72.152487,-23.903157,0.668713
4.785000,48.252987,72.169976,-23.916988,0.668602
4.790000,48.256632,72.187428,-23.930795,0.668491
4.795000,48.260266,72.204843,-23.944577,0.668380
4.800000,48.263889,72.222222,-23.958333,0.668269
4.805000,48.267500,72.239565,-23.972065,0.668159
4.810000,48.271100,72.256872,-23.985772,0.668049
4.815000,48.274689,72.274143,-23.999454,0.667939
4.820000,48.278267,72.291379,-24.013112,0.667829
4.825000,48.281833,72.308578,-24.026745,0.667719
4.830000,48.285389,72.325742,-24.040353,0.667610
4.835000,48.288933,72.342870,-24.053937,0.667501
4.840000,48.292466,72.359963,-24.067497,0.667392
4.845000,48.295989,72.377021,-24.081032,0.667283
4.850000,48.299500,72.394044,-24.094543,0.667175
4.855000,48.303001,72.411031,-24.108030,0.667067
4.860000,48.306491,72.427984,-24.121492,0.666959
4.865000,48.309970,72.444901,-24.134931,0.666851
4.870000,48.313439,72.461784,-24.148345,0.666744
4.875000,48.316897,72.478632,-24.161736,0.666636
4.880000,48.320344,72.495446,-24.175102,0.666529
4.885000,48.323781,72.512226,-24.188445,0.666423
4.890000,48.327207,72.528971,-24.201764,0.666316
4.895000,48.330622,72.545682,-24.215059,0.666210
4.900000,48.334027,72.562358,-24.228331,0.666103
4.905000,48.337422,72.579001,-24.241579,0.665997
4.910000,48.340807,72.595610,-24.254803,0.665892
4.915000,48.344181,72.612185,-24.268004,0.665786
4.920000,48.347544,72.628726,-24.281182,0.665681
4.925000,48.350898,72.645234,-24.294336,0.665576
4.930000,48.354241,72.661708,-24.307467,0.665471
4.935000,48.357575,72.678149,-24.320575,0.665366
4.940000,48.360898,72.694557,-24.333659,0.665262
4.945000,48.364211,72.710931,-24.346721,0.665157
4.950000,48.367514,72.727273,-24.359759,0.665053
4.955000,48.370806,72.743581,-24.372775,0.664949
4.960000,48.374089,72.759857,-24.385767,0.664846
4.965000,48.377363,72.776099,-24.398737,0.664742
4.970000,48.380626,72.792309,-24.411684,0.664639
4.975000,48.383879,72.808487,-24.424608,0.664536
4.980000,48.387123,72.824632,-24.437509,0.664433
4.985000,48.390357,72.840744,-24.450388,0.664331
4.990000,48.393581,72.856825,-24.463244,0.664229
4.995000,48.396795,72.872873,-24.476078,0.664126
5.000000,48.400000,72.888889,-24.488889,0.664024
